{
  "generation": 1,
  "created_at": "2026-05-09T14:03:22.448797",
  "selection_criteria": {
    "min_total_return_pct": 20,
    "max_mdd_pct": -20,
    "min_total_trades": 300,
    "selection_rule": "profile별 sharpe_ratio + total_return_pct 복합 기준 최고"
  },
  "models": [
    {
      "model_tag": "lev1_agg_seed8624_t034738_r911_012",
      "assigned_profile": "aggressive",
      "zip_path": "models/commander/gen1/lev1_agg_seed8624_t034738_r911_012.zip",
      "total_return_pct": 64.81099878694245,
      "mdd_pct": -19.974926387734573,
      "total_trades": 399,
      "sharpe_ratio": 0.8039810667716377,
      "leverage": 1,
      "initial_balance": 10000.0,
      "final_balance": 16481.099878694244
    },
    {
      "model_tag": "lev1_bal_seed6726_t034738_r131_033",
      "assigned_profile": "balanced",
      "zip_path": "models/commander/gen1/lev1_bal_seed6726_t034738_r131_033.zip",
      "total_return_pct": 130.0098525127435,
      "mdd_pct": -19.82577137696724,
      "total_trades": 475,
      "sharpe_ratio": 1.089027921235557,
      "leverage": 1,
      "initial_balance": 10000.0,
      "final_balance": 23000.98525127435
    },
    {
      "model_tag": "lev1_stb_seed5232_t034738_r117_031",
      "assigned_profile": "stable",
      "zip_path": "models/commander/gen1/lev1_stb_seed5232_t034738_r117_031.zip",
      "total_return_pct": 34.67684469223923,
      "mdd_pct": -14.234086182351058,
      "total_trades": 350,
      "sharpe_ratio": 0.8356649991522589,
      "leverage": 1,
      "initial_balance": 10000.0,
      "final_balance": 13467.684469223923
    }
  ]
}